00a83bb7ac132a13fedb3d653211e93f.svg,Test00a83bb
00cbdfdc5b30233ad39883f00fb405f6.svg,Test00cbd
0123d6f1c860015f5cd0f4de43b2109b.svg,0123d6f1c86
01a9dcd2dffc15c49c1f28319fdab19f.svg,01a9dcd2dffc15c espace
02159fcbe025f36615258d259033c304.svg,02159fcbe0
029b9314de458a8cb5b3f16bd73d7ed1.svg,029b9314d caractère
02d684dccc69499041dded71df1f34f5.svg,02d6_accentué
02ef5342d48df8b5feca058725f83619.svg,02e02e02e
039ac9154f26976d65ce37614a62df96.svg,Edouard
03c8c08f1c0cd0fbe3aee4746b90be3e.svg,Margaux
03f3cf9f48001d0208b80adf14b8e8a7.svg,Olivia	
043b770bc4fefbcfdd9ded4d55e9f4d5.svg,Xenia